{
  "encryption_ms": {
    "avg": 6102.297127246857,
    "p95": 6160.667431354523,
    "min": 6036.246299743652,
    "max": 6160.846948623657
  },
  "reencryption_ms": {
    "avg": 4549.4378089904785,
    "p95": 4737.837541103363,
    "note": "Includes ML Anomaly Check overhead"
  },
  "ml_scoring_ms": {
    "avg": 2031.9726705551147,
    "max": 2050.8203506469727
  }
}